{
    "0": 1.7578125,
    "1": 1.332675222112537,
    "2": 0.4972375690607735,
    "3": 1.4933628318584071
}