{
  "best_params": {
    "depth": 8,
    "learning_rate": 0.20003664481897915,
    "l2_leaf_reg": 1.1867610593722853,
    "bootstrap_type": "Bayesian",
    "bagging_temperature": 0.7068329287099645
  },
  "cv_score": 0.9541264083418566,
  "holdout_metrics": {
    "0": {
      "precision": 0.9895287958115183,
      "recall": 0.9642857142857143,
      "f1-score": 0.9767441860465116,
      "support": 196.0
    },
    "1": {
      "precision": 0.9577922077922078,
      "recall": 0.8966565349544073,
      "f1-score": 0.9262166405023547,
      "support": 329.0
    },
    "2": {
      "precision": 0.9285714285714286,
      "recall": 0.9776422764227642,
      "f1-score": 0.9524752475247524,
      "support": 492.0
    },
    "3": {
      "precision": 0.9858156028368794,
      "recall": 0.9858156028368794,
      "f1-score": 0.9858156028368794,
      "support": 141.0
    },
    "accuracy": 0.9533678756476683,
    "macro avg": {
      "precision": 0.9654270087530086,
      "recall": 0.9561000321249413,
      "f1-score": 0.9603129192276245,
      "support": 1158.0
    },
    "weighted avg": {
      "precision": 0.954160987219203,
      "recall": 0.9533678756476683,
      "f1-score": 0.9531821735514413,
      "support": 1158.0
    }
  },
  "study_stats": {
    "n_trials": 40,
    "n_pruned": 0,
    "optimization_time": 8.184525
  },
  "device": "GPU"
}